ニヤ,1/1
ホシノ,1/2
サヤ,1/3
ハナコ,1/3
コタマ,1/5
セリナ,1/6
ミヤコ,1/7
ヒヨリ,1/8
ミサキ,1/13
アツコ,1/20
シグレ,1/22
アイリ,1/30
エリカ,2/1
カリン,2/2
ツバキ,2/3
シュン,2/5
エリナ,2/8
ニコ,2/11
キサキ,2/19
ヒナ,2/19
ノドカ,2/20
ミチル,2/22
キララ,2/24
ハルナ,3/1
レイジョ,3/3
ルミ,3/5
リツ,3/6
スバル,3/9
アンナ,3/10
アル,3/12
ユウカ,3/14
ミモリ,3/15
カヨコ,3/17
マコト,3/19
アスナ,3/24
アリス,3/25
ケイ,3/25
アカネ,4/1
ヒビキ,4/2
ワカモ,4/3
ツクヨ,4/5
セナ,4/7
サキ,4/9
サツキ,4/10
ノア,4/13
イブキ,4/14
コハル,4/16
ハレ,4/19
ウイ,4/23
メグ,4/25
チヒロ,4/26
フウカ,4/30
エイミ,5/1
御坂美琴,5/2
ラブ,5/6
ミカ,5/8
イズミ,5/11
ハナエ,5/12
ハルカ,5/13
シロコ,5/16
シロコ＊テラー,5/16
ヒナタ,5/17
ヤクモ,5/18
オトギ,5/20
カスミ,5/24
レイサ,5/31
ココナ,6/1
マシロ,6/5
リオ,6/6
ココロ,6/11
ノゾミ,6/14
ヒカリ,6/14
ユカリ,6/16
タカネ,6/18
ツルギ,6/24
セリカ,6/25
ウミカ,7/1
ナギサ,7/4
シズコ,7/7
カエデ,7/9
ミユ,7/12
チセ,7/13
ミノリ,7/14
アオバ,7/19
レンゲ,7/23
ムツキ,7/29
マキ,8/1
カズサ,8/5
モミジ,8/7
キキョウ,8/8
レイ,8/9
ユズ,8/12
トキ,8/16
ネル,8/17
コノカ,8/19
スミレ,8/20
チナツ,8/22
ミヨ,8/24
ヨシミ,8/29
スズミ,8/31
初音ミク,8/31
ノノミ,9/1
サオリ,9/3
フユ,9/5
カンナ,9/7
ミナ,9/9
マリー,9/12
モエ,9/13
レナ,9/21
チアキ,9/22
セイア,9/29
クルミ,9/30
サクラコ,10/4
カホ,10/9
コトネ,10/16
ジュリ,10/20
フブキ,10/21
キリノ,10/22
チェリノ,10/27
エリ,10/31
カノエ,11/2
フィーナ,11/3
マリナ,11/4
イオリ,11/8
トモエ,11/10
イチカ,11/11
アヤネ,11/12
ウタハ,11/13
イロハ,11/16
ミネ,11/23
ヒフミ,11/27
シミコ,11/30
ナツ,12/4
ナグサ,12/7
ミドリ,12/8
モモイ,12/8
アカリ,12/9
ヒマリ,12/10
ハスミ,12/12
イズナ,12/16
メル,12/21
アコ,12/22
アズサ,12/26
ジュンコ,12/27
コトリ,12/31
